"ROWNAME"	"MEAN"	"SD"	"SIGNIFICANCE"	"LOGFOLD"	"TTEST"	"PVAL"	"ADJPVAL"	"BVAL"	"2_Breast_s1"	"3_Breast_s1"	"19_Breast_s1"	"23_Breast_s1"	"24_Breast_s1"	"67_Breast_s1"	"77_Breast_s1"	"86_Breast_s1"	"102_Breast_s1"	"106_Breast_s1"	"112_Breast_s1"	"117_Breast_s1"	"118_Breast_s1"	"123_Breast_s1"	"127_Breast_s1"	"128_Breast_s1"	"137_Breast_s1"	"138_Breast_s1"	"139_Breast_s1"	"13_Breast_s2"	"50_Breast_s2"	"88_Breast_s2"	"103_Breast_s2"	"113_Breast_s2"	"115_Breast_s2"	"120_Breast_s2"	"125_Breast_s2"
"CXCL14--CXCL14"	4.44666666666667	2.32205313660794	4.84	0.207236842105263	0.22288423910315	0.82517854532488	0.998904104858327	-4.64652455068662	-0.287102244197794	0.0961792518062612	0.483767281473284	0.311505934954607	1.30631521109996	0.354571271584276	-0.670383740201849	1.30631521109996	-2.54803241725542	-0.455057057053504	0.246907930010103	1.02639052300711	0.638802493340092	-0.480896259031305	-2.68584149447037	1.57332029820391	-0.22250423925329	0.169390324076699	-0.666077206538883	0.54405875275482	-0.62731840357218	1.04792319132195	0.36318433891021	-0.22250423925329	-0.85125815404646	0.440701944843614	-0.192358503612522
"C1QB--C1QB"	4.58666666666667	1.23325398220131	4.81	-0.148026315789472	-0.294565450231558	0.770411441068765	0.997248014331532	-4.64456850438336	0.375699847736394	0.172984102554886	0.197309991976667	-0.0378402724338816	0.473003405423518	0.0432460256387212	0.473003405423518	-0.994658589690598	0.756805448677628	-0.0297316426266215	0.27839629004927	-0.183795608964567	-3.71915820493006	0.52976381407434	0.424351626579956	1.85147047265777	-0.483814911833198	-0.0459489022411417	0.594632852532423	0.578415592917902	-1.18926570506485	0.164875472747626	0.943303934244616	-0.751399695472789	0.181092732362146	0.675719150605025	-1.27846063294471
"IGHG1--IGHG1"	4.90444444444444	1.70690753508599	4.59	-1.15736842105263	-1.76950198896631	0.0872618651581415	0.991487918852367	-4.49862010863864	0.114567164029599	-0.383409429621784	-0.389267977782388	-1.98279307746681	-0.00846234734309568	1.16324728477781	-0.318965399855134	-0.213511532964253	0.378201831256802	0.0384060379417404	-0.277955562730903	0.0794158750659721	1.2921353443111	1.91899999749579	1.46203324096864	1.45031614464743	-0.652902645009591	-0.184218792161231	0.331333445971966	-0.934112956718607	-0.254521370088485	-0.969264245682234	0.296182157008339	-2.01794436643044	1.59677984866254	-0.992698438324652	-0.541590229958105
"HLA-DQA1--HLADQA1"	4.30888888888889	1.67601021966164	4.57	-0.968289473684209	-1.48523459956244	0.148206521418153	0.991487918852367	-4.5401239210806	-0.560192818560758	0.185626022718358	0.0185626022718355	-1.47904163101663	-1.26424580472824	-0.327497340081674	-1.4551754280957	-0.309597687890975	0.43622115338814	0.824046950853281	0.621184226025361	0.907578661076542	1.37893616876494	0.364622544625345	1.43263512533704	1.61163164724403	0.0304957037323016	0.155793269067193	0.68084973332769	-1.00171757259799	-2.57092041464925	-0.595992122942156	-0.733222789737513	0.955311066918405	0.334789790974181	0.770347994281184	-0.411029050304935
"ESR1--ESR1"	4.28185185185185	1.23163130421229	4.43	0.670592105263159	1.37678907091692	0.179050333784555	0.991487918852367	-4.55457363075384	-2.12064425686411	-0.756599680979879	0.550609704242511	-0.107054644844529	-0.521139605380815	0.217717873223145	-0.651048612607885	-1.71467860927952	-0.707883803269728	1.49245000663877	0.177121308464686	0.688638024421273	-0.594213421946042	0.120286117802842	-0.902747314110333	0.859143596406802	0.574967643097587	-1.2356391451297	1.56552382320399	0.534371078339128	0.810427718696651	-0.0339808282793028	1.32194443465324	0.112166804851151	-1.59288891500414	0.510013139484052	1.40313756417016
"TNFSF10--TNFSF10"	4.34962962962963	1.18838119202125	4.42	0.117763157894736	0.242613893749472	0.810001849772614	0.997248014331532	-4.64603978010151	-0.841169177315414	0.782888837871923	0.0592153181511407	-2.22961255817505	-1.14410227859388	-0.94214687774157	-1.88460541505236	0.421052078011532	-0.521406459299254	-0.94214687774157	1.40558465716655	0.328489185954223	2.03669528483002	0.429466886380378	0.101289359995372	0.690325945814614	-0.563480501143486	0.984844238724234	1.27094772326501	-0.176399316176556	-0.260547399865019	0.623007478863843	1.35509580695347	0.118118976733065	-0.167984507807709	-0.386769525397713	-0.546650884405793
"SPARCL1--SPARCL1"	4.16518518518519	1.26160877262196	4.32	-0.909736842105265	-1.87220884059946	0.0712314050328906	0.991487918852367	-4.48247789672859	0.423914946075815	-0.48761961595009	0.122712221232473	0.923277358316093	0.447694108563448	0.740970445910912	-0.432134903478948	0.606221858480996	-0.115079403643851	-1.11380422812441	0.201976096191247	-0.0120363661974435	1.35922867058935	-0.582736265900619	-0.590662653396496	1.35130228309347	0.788528770886177	0.677559345943892	-0.249827991073767	0.328798296125286	-0.986982028190368	-0.45591406596658	1.6921369454162	-0.780895953297555	-3.30148717698658	0.352577458612918	-0.907718153231594
"C1QC--C1QC"	4.57185185185185	1.71926423672149	4.28	0.553355263157895	0.80722508795746	0.426068399116034	0.991487918852367	-4.6153519355318	-0.129038833655324	-0.693233667283528	-0.169753924741895	-0.507107536602059	-0.972422863305732	2.09865829293851	-0.251184106915039	-0.29189919800161	0.243213427707615	-0.41986091284512	-0.0941401841525486	0.324643609880757	-2.65919092260655	0.132701037615492	1.17384408111496	1.36578665338023	-0.4489431207641	-0.309348522752998	-0.204652574244671	-0.210469015828467	0.731794520746471	-0.216285457412263	2.55815717805839	-0.169753924741895	0.0105557643557777	0.295561401961778	-1.18763120190618
"FABP4--FABP4"	3.82888888888889	2.68868331134739	4.2	-0.726710526315788	-0.681024119964435	0.501225597190991	0.991487918852367	-4.62494953226957	-0.73600668421496	-0.471936908126605	-1.14512887252086	-1.69930347304431	0.941394287839236	0.257044445582091	0.521114221670446	0.443009076630228	-1.26414623639167	-0.0553761345787785	-0.516568419578158	0.260763738203054	2.12784863392635	-0.948006363609836	-0.69509446538437	1.863778857838	0.978587214048863	1.00834155501657	0.651289463404142	-1.0409886791339	-0.616989320344152	-0.118604109135145	-1.62491762062505	0.242167275098241	0.138027081711284	1.28728850158877	0.212412934130539
"C10ORF116--C10ORF116"	4.01481481481482	1.46712269522661	4.11	-0.0761184210526347	-0.128107866699972	0.898942501024925	0.998904104858327	-4.64828285886582	-1.14838030949728	-0.221395808184021	-1.63232074768287	0.787381443245109	0.037614567182918	0.630612005523015	-0.0714424329715826	0.34433738011745	0.385233755175388	-2.05491662328156	-0.453141933512334	-0.119154870539177	1.5371483193073	0.146671567337419	-1.33241399725799	2.66861469591024	0.514738942858857	-0.521302558608897	0.794197505754765	-0.596279246215116	0.0648788172215432	0.426130130233326	0.719220818148546	0.889622380889953	-0.793945058995149	0.133039442318106	-1.13474818447796
"SFRP4--SFRP4"	4.03666666666667	1.4612928943497	4.07	-0.48375	-0.826567422879614	0.415190573771886	0.991487918852367	-4.61374836437781	0.207578736956989	0.214421992021504	-0.0456217004301076	-0.257762607430107	0.775568907311826	-1.57851083488172	0.228108502150537	0.371816858505375	0.0228108502150536	-1.4005862032043	0.241795012279569	-0.0182486801720434	1.57622974986021	-0.757320227139784	-0.647828146107526	1.77468414673118	0.467622429408601	0.987709814311826	-0.298822137817204	-0.223546332107527	-2.76239396104301	-0.654671401172042	0.488152194602149	-0.168800291591398	1.97313854360215	0.0775568907311826	-0.593082105591397
"RNASE1--RNASE1"	3.86148148148148	0.870339030774806	4.06	-0.479934210526316	-1.35990108248509	0.184277061857459	0.991487918852367	-4.55674884122812	0.515337704801348	-1.36898546353917	0.228093319383586	0.262562645633718	1.25068333147082	1.23919355605411	0.331501298133981	-0.760027366453516	0.7910923148024	-0.16255904478457	-1.16216950603838	0.894500293552794	0.30852174730056	0.285542196467139	-0.518742082702595	2.00900850897371	-1.1851490568718	-0.0936203922843077	0.239583094800297	0.848541191885952	0.228093319383586	-0.909394446870753	1.51494816605516	-0.794496692703648	-0.668109163119832	-1.0702513027047	-2.25369817062588
"SERPING1--SERPING1"	4.1437037037037	0.817275719166794	4.03	-0.786842105263158	-2.52570852063747	0.0172285985567263	0.991487918852367	-4.36928759703258	0.741850372007149	0.472663370802356	-1.24034481868269	-0.40831226950424	-0.126889495517411	1.90424878630057	-0.0901821771713023	-0.285954541683879	-0.383840723940168	-0.139125268299447	0.105590187341275	0.24018368794367	2.17343578750537	1.03550891877601	0.0199397778670219	2.39367969758201	-0.163596813863519	0.58278532584068	-1.4116456376312	-0.787621225747357	-0.555141542888673	-1.53400336545156	-0.151361041081483	0.0199397778670219	-1.24034481868269	-0.322661860029988	-0.848800089657537
"PRLR--PRLR"	3.90222222222222	1.14229638257373	3.96	0.551052631578947	1.20630949535446	0.237388399384182	0.991487918852367	-4.57555300988944	-1.88411891611966	-0.325854329840003	-0.0544711715553438	-1.48142132640694	0.0593346690156427	2.15161127643608	-0.299591443554391	0.750924007870097	-0.106996944126568	-0.763569101266873	0.0505803735871051	0.348226418157377	0.917255621012308	0.882238439298158	-0.991180782408845	0.391997895300063	-0.290837148125854	-0.413397284125377	-1.65650723497769	1.17988448386843	-1.45515844012133	-0.588483192696125	1.10109582501159	1.76642227758044	0.365735009014452	0.129369032443942	0.216911986729316
"LTF--LTF"	3.45925925925926	2.32022698810984	3.86	0.700921052631578	0.761235573048553	0.452625146348683	0.991487918852367	-4.61902433785276	0.172716179405878	0.336493258953412	-0.0858792093533851	-0.525491370244133	-0.426363137886415	1.32777558253059	-0.400503599010489	0.763175650406197	-1.49091415494538	-1.43488515404754	0.254604719179645	0.521819954230884	0.905403114223791	-1.03406230147068	-0.857355452485188	1.59068089443584	-1.27110807450001	-1.36592638371174	1.31915573623861	0.401142106143228	-0.434982984178391	0.560609262544774	2.01305336274264	0.0132490230043327	-1.66331108078489	0.20719556457378	0.603708494004651
"ASPN--ASPN"	3.83185185185185	1.34886002306517	3.79	-0.610131578947368	-1.13736341479632	0.264640393988511	0.991487918852367	-4.58339572874105	0.910508227056273	-1.90668550322037	0.272932803888401	-1.81030782297407	1.79273468469554	0.502756502937284	-0.105164249385571	-0.49808863808205	-0.527743308927067	0.287760139310909	0.999472239591325	0.977231236457562	2.11893606399073	-1.42479710198884	-0.0310275722730272	0.828957882232475	1.16257292923892	0.250691800754637	-1.25428274462999	0.310001142444672	-0.609293653750865	-0.579638982905848	-0.549984312060831	-0.638948324595882	-0.0977505816743161	-0.609293653750865	0.228450797620874
"MUC1--MUC1"	3.2962962962963	1.39424682769021	3.63	-0.183026315789474	-0.324009839511043	0.748241780525405	0.997126422841199	-4.64360971824999	0.239343348018612	0.0456904060590468	-0.0403775681452041	1.30084836320438	1.56622461700082	0.777268186795181	0.777268186795181	-2.56503814480324	-1.51787779198485	0.0958967243448601	0.562098251284553	0.956576466387371	0.583615244835616	-0.262719834839519	-1.32422485002528	0.970921128754746	-0.850850991901902	-1.17360589516784	0.597959907202991	0.260860341569675	0.633821563121429	0.432996289978177	-0.262719834839519	0.260860341569675	-2.01994097484298	0.0815520619774849	-0.126445542349455
"COMP--COMP"	3.76888888888889	1.20789496911373	3.62	0.175657894736843	0.356761746217591	0.723837333710287	0.997126422841199	-4.64243753759446	-0.222609494835616	-1.13328470098132	-1.10016923893965	-2.69799028244984	1.32553835561208	0.0671507980289256	0.49765180457053	-0.0404744536064753	-0.901476466689683	-0.388186805043925	-0.0404744536064753	0.481094073549698	1.74776049664326	-0.56204298076265	-0.495812056679326	0.845364156007979	0.828806424987148	1.09373012132044	-0.12326310871063	-0.727620290970959	-0.48753319116891	-0.537206384231403	0.919873945601718	0.870200752539226	1.86366461378908	-0.437859998106417	-0.644831635866804
"CYP4X1--CYP4X1"	3.00851851851852	2.60219242430405	3.61	-1.11519736842105	-1.09264044494103	0.283491220317982	0.991487918852367	-4.58827588634192	-1.62114011212939	0.899811043799999	0.112013807572066	0.446347268800506	0.911339783842359	-1.15614759708753	-1.18304799051971	-0.264591700478361	-2.61261175577235	0.231144121343119	1.18418663151155	0.473247662232679	1.44934765248583	0.519362622402119	1.0150984442236	1.0150984442236	1.17650080481664	-0.560496028232268	0.377174828546346	-0.725741302172761	-1.15614759708753	0.577006322613919	-1.00627397653685	-0.303020833952894	0.0389984539704524	0.638492936173172	-0.475951934588294
"ISLR--ISLR"	3.35555555555556	1.28372454909483	3.58	-1.29927631578947	-2.79861894574865	0.00900180335501042	0.991487918852367	-4.3184757158916	0.743496293747313	-0.643094000295988	-0.526246503606945	0.992770953350603	1.31215411096732	0.174838476527308	0.665597962621285	0.260526640765938	-0.26139217777845	-0.81447032877325	0.283896140103747	1.37447277586814	0.766865793085121	1.00056078646321	-0.323710842679273	1.64711693480924	-1.00142632347572	0.48643180103142	-0.440558339368315	0.190418142752513	-0.713202498309413	-1.71809096983518	-2.6139217777845	0.167048643414705	-0.557405836057357	0.821394624873341	-1.27407048241682
"RERG--RERG"	3.58555555555556	1.52234720929262	3.46	0.612039473684211	1.01093155493108	0.320359385190858	0.991487918852367	-4.59675831906184	-1.79036394517518	-0.102181391082154	1.65825800384754	0.541561372735419	-0.542291239814577	0.331359653937844	-0.121887802219427	0.331359653937844	-0.837887406873667	-0.0102181391082156	-0.272970287605184	0.620387017284509	-2.35528106444366	-0.529153632389729	-1.632712656077	1.1064784920039	0.758331895245418	-0.588272865801546	1.17216652912814	-1.04808912567124	-0.0824749799448819	0.843726343506933	1.04079045487966	1.26412978110208	-0.647392099213364	1.04735925859208	-0.154731820781548
"FCER1G--FCER1G"	3.44185185185185	0.893196666418032	3.45	0.0613157894736838	0.164641284826597	0.870361624991382	0.998904104858327	-4.64771713844341	0.0315139422329353	0.703258500356028	0.602496816637564	-0.0916392267562986	0.210645824399093	0.0427096848683199	-0.00207328567321958	-1.74860913679326	0.00912245696216555	-0.740992299608621	-1.06566883603478	0.580105331366794	0.0315139422329353	0.5017351329191	-0.158813682568608	2.11392207241452	-0.461098733724	-0.114030712027068	-0.8305582406917	0.0762969127744744	0.815215926709876	-0.920124181774779	2.96479851270377	-1.12164754921171	-0.259575366287072	0.423364934471405	-1.59186873989787
"HLA-DPA1--HLADPA1"	3.46444444444444	1.24245827459217	3.44	-0.55875	-1.12611673362477	0.269293230836866	0.991487918852367	-4.58463849726557	-0.752093219992573	-0.0196742578357152	-0.341616658783784	-1.51670642224424	-1.19476402129617	-0.333568098760083	-1.29939530160429	-0.896967300419203	0.390802303373073	-0.0679656179779256	0.0930055824961091	1.67857190716535	1.67857190716535	1.24394966588546	0.583967743941915	2.49147646955922	0.221782542875337	0.447142223538985	0.125199822590916	-1.40402658191241	-0.83257882022959	0.0125199822590917	0.0447142223538987	-0.422102259020802	-0.124305538143838	1.08297846541142	-0.888918740395502
"MS4A7--MS4A7"	3.62740740740741	0.984895904661982	3.42	0.204407894736843	0.503747249638646	0.618221340796467	0.991487918852367	-4.63581998122522	0.307233070175516	-0.00752100538985363	1.31241544052944	0.14477935375468	-1.92650553061098	-0.931476517533357	-0.291815009126316	-1.63205816959821	2.10437730808101	-0.373041867336734	0.500146858425258	1.09919493772709	-0.2207415081922	-0.545648941033872	-0.880709731151846	2.03330380714689	-0.616722441967988	-0.241048222744805	-1.00255001846747	-1.02285673302008	-0.149668007258085	0.611833788464583	1.17026843866121	-0.474575440099756	-0.210588150915898	0.977354650411463	0.266619641070307
"MS4A6A--MS4A6A"	2.77777777777778	2.59295099679783	3.36	-1.29	-1.27747396209117	0.211506297571907	0.991487918852367	-4.56706362054845	0.216827168317696	-1.91202139334696	-1.07128047587795	-1.07128047587795	-1.07128047587795	-0.0415656824640643	-1.07128047587795	1.26968162001054	0.895590477833963	0.548495603649509	0.224540387744018	0.783748796152306	0.899447087547124	1.32367415599479	0.43279731225469	1.56664056792391	0.189830900325572	0.444367141394172	0.243823436309821	-1.69990785912313	-1.04042759817266	0.598631529920597	-1.07128047587795	0.251536655736142	-1.07128047587795	1.44708566681593	-0.215113119556292
"CFB--CFB"	3.04925925925926	1.59330552849179	3.32	0.448684210526316	0.702902091557262	0.487687453004601	0.991487918852367	-4.62339454043166	-0.457702083008254	-0.0371926527584155	-0.514188424385097	1.14902051615531	0.226410273666856	1.09881043493144	-0.897040293717039	-0.463978343161236	-0.288243058877722	0.169923932290012	0.251515314278787	0.954456451412844	-1.91379443850023	-0.608332326679837	-0.21292793704193	0.169923932290012	1.2243356379911	-2.43472403119779	0.998390272483722	-0.721305009433525	0.232686533819838	0.759892386670381	1.90844799466621	0.0883325503012374	-1.71923037375777	0.602985882845815	0.433526858715284
"SCUBE2--SCUBE2"	3.27444444444444	2.00411563717753	3.32	0.06296052631579	0.0782044290707226	0.938199286448162	0.998904104858327	-4.6488278227813	-0.685810947705656	-0.800574784548882	0.0227310015003491	0.6464475060831	-0.371457829395949	-1.51410646579155	-0.082053371269553	0.895934107916201	-0.740698000108938	-0.625934163265712	0.836057323476256	1.27515374270251	0.342073851846718	0.232299747040154	-1.2446609358118	0.861005983659566	1.52963007657228	-0.521149790495809	-0.231745332369413	0.0526693937203212	-1.63386003467144	1.01069794475943	1.87891131913862	0.416919832396648	-2.22763814703422	0.691355094413058	-0.0121971227562848
"MMP7--MMP7"	3.12962962962963	2.16918715985342	3.3	-0.624736842105263	-0.724312934103681	0.474641751685478	0.991487918852367	-4.62182820124158	0.0969811984248449	-2.71513207280262	-0.456221412308426	-0.995593957773366	0.36897248203537	-0.354800933673993	0.562593395792015	1.00515548437863	-0.285650607332334	-0.313310737868998	0.36897248203537	0.428902764864808	2.55412279443179	1.15267618057417	-0.769702891723947	1.2079964416475	-0.636012260796739	0.322872264474264	0.0785411114004026	0.802314527109766	-0.138129911136795	-0.396291129478988	-1.09240441465169	-0.299480672600666	-1.49347630743331	0.700894048475333	0.295212133937601
"NAT1--NAT1"	2.98407407407407	1.99443699258185	3.26	1.23052631578947	1.60165078420637	0.120005312259116	0.991487918852367	-4.52372968795425	-1.77697971269886	0.138347777820112	0.564533214192136	-0.809288074818858	-1.1101248534344	1.02080232842571	-0.212628463898025	-0.914580947334299	-0.618758115029012	0.599630838363949	1.21133228821556	1.21634623452582	-1.49619871932435	-0.102321645072325	-1.95748177986819	0.534449536330581	0.158403563061148	-1.07001328295233	1.15116493249245	-0.302879497482689	-0.663883631821344	0.358961415471513	1.72776875817225	0.614672677294727	-0.277809765931393	1.0709417915283	0.945593133771827
"TYROBP--TYROBP"	3.28259259259259	1.09549634901822	3.25	-0.0374342105263157	-0.0831960844106129	0.934263772807531	0.998904104858327	-4.64878516525771	0.0980445142548085	-0.0297514388083556	0.618356608869119	-0.330984756742956	0.298866726211209	1.36687576252479	0.490560655805955	-0.312728192019647	1.09302729167516	-0.312728192019647	-0.696116051209139	-0.0936494153399374	0.727895997208974	-0.0936494153399374	-0.175803956594829	1.75026362171429	-0.349241321466266	-2.99644320634609	-0.860425133718921	0.16194249078639	0.171070773148045	0.3810212674661	1.61333938628947	-1.41725035777985	-0.696116051209139	0.928718209165374	-1.33509581652496
"C1S--C1S"	3.12703703703704	1.18841463501984	3.24	-1.22144736842105	-2.84008940570921	0.00813619662036684	0.991487918852367	-4.31065379952584	0.13712635149452	-0.493966516179124	-1.67200653583659	0.00249320639080935	0.44005092797787	0.0445660642357192	-0.308845941661522	0.145540923063502	0.0950534936496108	-0.30043137009254	0.599927787788526	1.30675179958301	2.01357581137749	0.801877505444093	0.288588639736195	2.35015867413677	0.524196643667689	0.70090264661631	-0.889451379921275	-1.23444881424953	-0.645428804420799	-1.29335081523241	-1.8571271103542	-0.552868517161998	-0.965182524042112	0.305417782874159	0.456880071115834
"CD36--CD36"	3.52851851851852	2.03387788700779	3.23	-0.427763157894738	-0.526127787775114	0.602775895634854	0.991487918852367	-4.63461986043625	-0.800696309705384	-0.146773078376743	-1.18420015965752	-1.27270104810801	0.811986546503595	0.433399412576487	0.649734917677691	-0.397525595653139	-1.56278729358463	-0.795779593680356	-0.427025891803303	0.748069238178239	2.03133212071038	1.15123995223048	-0.422109175778276	2.09524942903574	0.212147191450255	0.595651041402391	-0.535193644353906	1.22007397658087	-1.21370045580768	-1.20386702375763	-0.318858139252701	0.123646302999762	-0.0484387578761955	1.07748921185507	-0.820363173805493
"VWF--VWF"	2.96148148148148	1.13040055427508	3.23	0.0423026315789481	0.0912873030101205	0.927888139306122	0.998904104858327	-4.64871042013682	-0.107467641467486	-1.10711329426413	-0.912492016728498	-0.425938822889424	1.29026698810658	0.272928491897608	0.901024433035321	0.529474721376392	0.00753584071265931	-1.05403476402714	-2.13329821217926	0.237542805072948	0.423317660902413	-0.15169974999831	0.246389226779114	2.40491612308337	-1.51404869274772	0.334853443840763	0.547167564788722	0.255235648485278	-0.992109812083982	-0.372860292652435	0.892178011329156	-0.717870739192868	1.0337207586278	1.25488130128192	-1.14249898108879
"LUM--LUM"	3.15666666666667	1.19898995953966	3.21	-0.68625	-1.45012696965926	0.157688242385572	0.991487918852367	-4.54489140031504	1.42898055125595	-0.397556845971985	-0.681128861979975	-2.43260307849991	0.628306623703977	0.653327683939976	-0.689469215391974	-0.864616637043968	-0.0389216492559987	-0.0889637697279969	0.469839908875983	1.31221560348795	1.45400161149195	0.0444818848639983	-0.222409424319992	1.48736302513995	1.13706818183596	1.12872782842396	-1.10648688599196	-0.772872749511971	0.319713547459988	-1.18155006669996	-1.48180278953194	0.252990720163991	-0.839595576807969	0.0444818848639983	0.436478495227984
"HLA-DQB1--HLADQB1"	3.31	1.20209112671339	3.2	-0.799342105263158	-1.70664282984892	0.0985113767995699	0.991487918852367	-4.50821632360815	-0.948347404507381	0.38266649655561	-1.03985461020546	-0.931709730744093	-0.557362071070127	0.0582318581715057	-1.14799948966683	-0.0915072056980805	0.740376482466289	0.0665506950531496	0.573999744833415	1.38092692235285	1.32269506418135	0.823564851282725	0.748695319347932	2.67866547588927	-0.324434638384104	0.499130212898621	-0.490811376016978	-1.57226017063066	-0.948347404507381	-0.257883943330954	-0.598956255478346	-0.0166376737632874	-0.424260680963828	1.42252110676107	-1.34765157482628
"COL3A1--COL3A1"	3.00407407407407	1.17837978486518	3.19	-0.629276315789474	-1.3454062407867	0.188857227449138	0.991487918852367	-4.55859924077157	0.955486457241577	-1.68373057613261	-1.54795092168249	-1.03877721749454	0.734844518760134	0.51420258027869	-0.173181920375036	0.157780987347129	-0.495658599694068	0.200212129362791	0.836679259597723	1.15915593891675	1.48163261823579	0.505716351875558	-0.487172371290935	1.22704576614181	0.921541543629047	1.07429365488543	-1.33579521160418	0.319019327006645	-0.393823858856479	-1.93831742822658	-1.57340960689189	-0.113778321553109	-0.266530432809493	-0.0543747227311819	1.0148900560635
"CTSK--CTSK"	3.08074074074074	1.35052675172412	3.19	-0.622763157894736	-1.16055061202005	0.255232290309568	0.991487918852367	-4.58080092366013	1.82836752852687	0.0809012180764103	0.169755437251858	-1.53328376361088	0.206778028574961	2.04309855820087	-2.28114010833756	0.525172313953647	0.0142605536948249	-0.903899711118131	-0.341156323006964	1.16936540297564	1.54699583447129	0.451127131307441	-0.444819578711653	0.488149722630544	-0.89649519285351	1.07310666553557	-0.600314462268686	0.236396101633443	0.191968992045719	-0.459628615240894	-0.926113265911992	0.0142605536948249	-0.696573199708754	0.162350918987237	-1.11863074079213
"IFI27--IFI27"	3.16407407407407	1.5068797595318	3.17	0.0279605263157885	0.0458474093673507	0.963744220970675	0.998904104858327	-4.64904038491766	1.36435963979284	0.468468649512728	0.800280127394251	-1.31004087193224	0.0968397942854222	-0.21506299492321	1.14536406439103	-1.03795546006939	-0.0690659446553393	0.793643897836621	-1.13749890343384	0.130020942073574	0.00393258047859566	-0.0491572559824481	0.408742583494054	0.720645372702686	-0.181881847135057	-0.540238243247102	-1.49585529954589	0.727281602260316	1.66962619944384	-1.781213170524	1.62980882209806	0.833461275182403	-1.33658579016276	-0.128792010674013	-1.50912775866115
"CYP4Z1--CYP4Z1"	3.63444444444444	2.32061220923295	3.16	-1.54460526315789	-1.74538074942672	0.0914429145042133	0.991487918852367	-4.50232881785839	-0.20444796530708	0.269564881657813	-0.587967450578675	-0.294941327000378	1.08400513689749	-1.56615759840623	-0.605204281377399	0.0196308350763239	0.00239400427760046	-1.15247365923687	1.30377472958122	-0.338033403997186	2.76459613977302	0.808215844117919	0.360058243351111	1.20466295248856	1.32101156037994	-0.0105336188214422	-0.631059527575484	-0.829283081760803	-0.225994003805484	1.20035374478888	-1.40671691351804	-0.984414558949313	-0.118263811313463	-0.376816273294314	-1.00596059744772
"HLA-DRB1--HLADRB1"	3.38925925925926	1.75067662946892	3.16	-0.649078947368422	-0.93373589755686	0.358103310479377	0.991487918852367	-4.60424227190298	-0.747858991900995	-0.410846439115059	-0.759283146232722	-1.39332371164355	-0.896372998213442	-0.639329525749592	-1.3076425541556	-0.787843532062039	-0.130954657987756	0.337435669613037	0.463101367262031	1.10285400983872	1.20567139882426	0.914355463365234	0.954340003526277	3.30200371869611	0.251754512125087	0.348859823944764	0.280314897954404	-1.08487154468693	-1.07344739035521	-0.250908278470885	-0.0909701178267124	0.331723592447174	-0.313741127295382	0.742993148389334	-0.348013590290562
"NPNT--NPNT"	2.8637037037037	1.27629616814903	3.15	0.236315789473684	0.456088432717733	0.651702995953173	0.994020160284917	-4.63820709940933	-1.23302391950764	-1.04497979151495	-0.0890888075520936	-0.159605355549353	0.381021512429638	0.224318072435727	-0.0499129475536162	-0.786419115524995	1.00000010040558	1.35258284039188	0.537724952423548	1.21154974439736	-1.31921081150429	-1.39756253150125	0.584735984421721	0.318340136432073	0.365351168430247	-2.24376110746836	1.30557180839371	-0.0890888075520936	-1.68746389548998	0.435867716427506	0.490713920425375	0.0284387724433391	-0.386825343540523	1.82269316037361	0.428032544427811
"CD34--CD34"	3.09259259259259	1.22516119062756	3.12	-0.845657894736842	-1.78033805247557	0.0854370709868831	0.991487918852367	-4.4969435749703	1.07529312672122	-1.02239003502142	0.17745208473021	0.593723840562407	1.00183340510378	-0.35309034917357	-0.76119991371494	0.332533719255931	-0.149035566902885	0.463128779909169	-1.06320099147555	1.00183340510378	1.58134898675252	0.920211492195503	-0.304117201428606	2.16086456840127	-2.0589883289565	0.02237045020449	0.267236188929312	0.0550192153677996	-0.842821826623214	-0.377576923046053	1.22221256995612	-1.03871441760307	-1.00606565243976	-0.418387879500189	-1.47947274730775
"AEBP1--AEBP1"	3.04925925925926	0.945970913221421	3.11	-0.833815789473685	-2.30938135418168	0.0281952047679102	0.991487918852367	-4.40839538671234	0.76190581620139	-1.38403754381907	-1.1620434031273	0.191063740136834	1.50188628517396	0.159350291466581	0.0642099454558212	0.497627077282614	0.56105397462312	-0.665199373960001	-0.0943572978954444	1.10018260201742	1.94587456655751	0.169921441023332	-0.337493737700718	1.06846915334717	0.487055927725863	1.61816893029822	-1.52146248805684	-0.496060981051984	-0.231782242133208	-1.97602191899713	-1.59546053495409	0.0430676463423191	-0.770910869527511	-0.062643849225191	0.127636842796327
"COL11A1--COL11A1"	2.57518518518519	1.68412125082026	3.01	-0.684144736842105	-1.02507405628147	0.313751906556506	0.991487918852367	-4.59533091070746	1.70107396567765	-0.507793120458912	0.151304316533448	-1.11345022472216	0.923220233731708	0.774774865039735	-0.222778012570324	-2.31288880375331	0.293811870477742	0.258184981991669	-0.418725899243729	0.946971492722424	0.608516052104725	1.4041832282937	0.424443794926679	-1.68348044049934	1.02416308444225	1.14291937939583	-1.10751240997448	0.418505980179	-1.52909725705969	-0.721554451375354	-0.608735971169454	0.626329496347762	0.52538664563722	-0.484041861468197	-0.513730935206591
"CD163--CD163"	2.86962962962963	1.2837579495117	3	-0.0385526315789484	-0.0737383477115284	0.941721777610481	0.998904104858327	-4.64886375415177	0.124922591857266	0.37419076590964	0.101553700539856	0.30408409195741	-0.194452256147338	0.32745298327482	-0.435930799760575	-0.342455234490935	-2.23533543120115	-1.19152495235683	-1.0357323435741	0.935044157527482	1.39463235343655	0.631248570401151	0.18723963537036	2.75002804984633	-0.295717451856115	-0.389193017125755	-0.840991582595683	0.156081113613813	-0.770884908643453	-0.0308700169254675	0.989571570601438	0.39755965722705	0.000288504831079297	0.935044157527482	-1.84585390924432
"MGP--MGP"	3.27407407407407	1.64957630751111	2.97	1.21276315789474	1.93493699834987	0.0627448000103088	0.991487918852367	-4.47235423223029	-0.372261696096128	-0.863296876652359	-0.693556320410699	-0.238894116191966	-0.190396814408635	0.415819457883009	-0.420758997879459	0.458254596943424	1.1857141236934	-2.34852674376689	-0.184334651685718	0.0945248335684378	0.476441085112173	-1.68168884424608	-0.457131974216958	0.846233011210076	1.33726819176631	-0.820861737591944	-0.681431994964866	-0.748115784916947	1.68887362969546	0.876543824824658	0.809860034872577	0.749238407643413	-1.16640501279818	0.100586996291354	1.82830337232254
"APOD--APOD"	3.07777777777778	2.22958315064521	2.96	0.0475657894736843	0.0532035984606977	0.957932285201526	0.998904104858327	-4.64900179513266	-0.671774801197408	-0.86015082111775	-1.232417717627	-1.16514056765545	-0.0528250214591435	-0.0976764547735105	-0.680745087860282	0.974272801439861	-0.550675931248617	-0.87360625111206	0.0279075585067172	0.700679058222222	2.21217236091639	-0.748022237831832	-1.22793257429556	1.08640138472578	0.014452128512407	1.50351971454939	1.52146028787514	-0.999190264392288	0.283560728398609	-1.12028913434108	1.45866828123503	-0.653834227871662	1.15816367802877	0.0279075585067172	-0.0348844481333966
"DPT--DPT"	2.96740740740741	1.5997562136213	2.93	-1.10828947368421	-1.80855163531863	0.080837531293112	0.991487918852367	-4.49254852680697	0.482943954844038	0.66422157547821	-0.748493674981197	-1.40484368072561	0.0516282367834229	0.920510625340315	-0.192158908207359	0.295415381774206	-0.592219864089669	-0.204660813078682	-0.279672242306615	0.789240624191432	2.50825254399823	0.626715860864243	-0.785999389595163	2.18945396977952	0.276662524467222	-0.02338319244451	-0.673482245753264	-0.735991770109874	-1.57361939648846	-1.26732272714107	-1.47360415751788	0.639217765735566	0.439187287794411	0.626715860864243	-0.554714149475703
"CRABP2--CRABP2"	2.60814814814815	1.10983379572396	2.92	-0.754078947368421	-1.73905633702075	0.0925667825919558	0.991487918852367	-4.50329583920958	-1.67425803332656	-0.475880397752377	0.587341865388627	-0.20556965288602	0.407134702144389	0.632393656199687	-0.0253624896417817	1.0198390571748	0.190886106251304	0.50624864192872	-0.367756099805834	1.61452269588078	-2.30498310468139	0.280989687873423	0.83963189393056	0.659424730686322	0.299010404197846	0.911714759228256	0.929735475552679	-1.06155367829615	1.0198390571748	-2.35003489549245	-0.800253291592005	-0.935408664025183	0.100782524629185	0.542290074577568	-0.340725025319198
"FGL2--FGL2"	2.99148148148148	1.08282289092234	2.91	0.100921052631579	0.226926010429173	0.822063668940896	0.998904104858327	-4.64642856560152	-0.287656905014415	0.839027809750725	0.41421226156059	-2.43020488719075	-1.12805288078186	-0.472359317270995	-1.22040408691015	0.645090276881315	-0.70323733259172	-0.0752491309193475	0.543503950140196	1.05143558384579	0.423447382173419	0.691265879945461	0.672795638719803	1.49472137326158	-0.380008111142705	0.349566417270787	-0.952585589138104	-0.712472453204549	-0.629356367689088	-0.278421784401586	1.28231359916652	0.451152744011906	-0.380008111142705	2.13194469554679	-1.34046065487692
"FXYD3--FXYD3"	2.75148148148148	0.859126137885305	2.9	0.630263157894737	1.85241591989584	0.0741071199877043	0.991487918852367	-4.4856315906238	-1.63128721113195	-0.85142501109556	0.5569828427015	0.254349750150066	-1.52652960217184	-1.2122567752915	0.440585499412487	-0.222879357334888	-1.15405810364699	0.545343108372599	0.242710015821165	0.591902045688204	-0.967822354384573	-0.839785276766659	0.172871609847757	0.952733809884145	0.126312672532151	-0.118121748374776	0.510423905385895	0.300908687465671	2.38442113233901	-0.0832025453880722	1.441602651698	1.48816158901361	-1.77096402307876	0.242710015821165	0.126312672532151
"LRRC15--LRRC15"	2.46925925925926	1.50875120527879	2.89	-0.352434210526316	-0.580503013449159	0.566032200523005	0.991487918852367	-4.631495150624	-1.63662454791742	-1.63662454791742	-0.204976975777868	-1.07324471628843	0.988062667671758	1.12725062607421	-0.529748878716933	-0.311024944084501	1.08748263795923	0.278866879621147	1.16039061617004	0.868758703326795	-1.901744468684	0.696430754828516	-0.204976975777868	0.219214897448666	1.03445865380591	0.815734719173479	0.537358802368566	-1.63662454791742	-1.63662454791742	0.159562915276184	0.669918762751858	0.331890863774464	0.988062667671758	-0.489980890601945	0.298750873678641
"RARRES3--RARRES3"	2.89222222222222	1.1054004959336	2.87	-0.0209210526315786	-0.04610133612928	0.963543564317347	0.998904104858327	-4.64903914833026	-0.680497453175925	0.73980225337885	1.08356906133478	-0.1377077564034	0.296524001014621	0.305570495960829	-0.409102604789663	-0.635264978444882	0.160826576821489	-2.19126210919279	0.468407404992587	1.0021506068189	-0.734776422853178	-1.07854323080911	0.993104111872695	1.4092428793983	-0.191986726080652	-1.25042663478708	0.95691813208786	-0.191986726080652	-0.0381963119951036	-0.0201033221026861	1.1016620512272	-0.191986726080652	-2.44456396768663	0.0884546172518191	1.59017277832247
"CSF1R--CSF1R"	2.70518518518519	0.814632386985643	2.84	-0.339539473684211	-1.00723203791352	0.322103509677963	0.991487918852367	-4.59712886308499	-0.129119817558934	-0.276425524914901	1.02477489006281	0.840642755867849	0.214593499604989	0.447827536251937	0.79154085341586	-0.337802902979887	0.190042548378994	-0.153670768784928	0.116389694701011	0.165491597153	0.374174682573953	-1.38121833008465	-0.497384085948852	1.66309962193866	-0.767444549434791	-0.742893598208797	0.803816329028857	0.386450158186951	-3.32074347693822	0.361899206960956	1.4912429633567	-0.448282183496863	-0.32552742736689	0.816091804641855	-1.30756547640667
"HLA-DPB1--HLADPB1"	3.19259259259259	1.25612527729153	2.84	-0.430000000000001	-0.849934081682309	0.40228214745703	0.991487918852367	-4.61176498669192	-0.51952827030097	0.125311869964763	-0.0737128646851546	-1.12456346363672	-0.61506014293293	-0.280698588721069	-0.877772792670822	0.125311869964763	0.809956957160479	-0.901655760828812	-0.447879365827	1.47071907619821	1.40703116111023	1.18412345830232	-0.54341123845896	2.77632133550166	-0.806123888196851	0.738308052686509	-0.51952827030097	-0.830006856354842	-0.535450249072963	-0.0498298965271647	0.0616239548767893	-0.877772792670822	0.196960774438733	1.59013391698816	-1.48280798600657
"SCGB2A2--SCGB2A2"	3.47592592592593	2.88371723149567	2.82	-1.78296052631579	-1.6143207498761	0.117221749198279	0.991487918852367	-4.5218931260496	0.840607410323931	0.653349105625338	0.746978257974635	1.0139947294893	0.157461372812397	-1.20536295582736	-0.407781287666689	0.493832771993203	0.150525880045783	-0.491007200866064	-0.227458475734711	-0.255200446801169	0.795526707340936	0.535445728592891	0.961978533739686	2.86230355179207	-0.251732700417862	-1.31286309370989	-1.57987956522455	0.368993902194141	-1.20536295582736	-0.338426360000544	-0.744152686847495	1.04867219332237	-1.70818618140692	-0.383507062983538	-0.518749171932522
"GATA3--GATA3"	2.70962962962963	1.02874262865471	2.81	0.961513157894736	2.49617022856151	0.0184494618485021	0.991487918852367	-4.37469928857132	-2.05068748087984	-0.718964694402572	0.748846552006684	-0.3593023360109	-0.466228983100316	-0.0482429990235076	-0.252375688921484	-0.291258106044908	0.0975660651893323	-0.232934480359772	0.739125947725829	0.593316883512988	-2.12845231512669	1.03074407615151	-0.981421009985684	0.253095733683029	0.476669632142717	-2.01180506375642	0.340581172210732	0.875214407657812	-0.923097384300548	0.185051503717036	1.3418034131389	1.38068583026232	0.000360022380772213	1.24459737033034	1.15711193180264
"MMP9--MMP9"	2.27407407407407	1.46926265981708	2.81	0.164736842105264	0.27715007472598	0.783618949021576	0.997248014331532	-4.64509311381296	0.637003819345988	0.412401364641882	-0.56087593907591	-1.54776551277577	-0.070834219721497	-0.914794958609652	-0.166120109595966	-0.846733608699317	-1.24829557317029	-1.3299691930627	0.0176455351619386	0.364758419704648	2.3453437020954	0.827575599094927	0.391982959668782	0.500881119525318	-1.02369311846619	0.841187869076993	0.739095844211491	-0.628937288986245	0.555330199453586	-1.4116428129551	1.33803572342244	-1.54776551277577	1.01814737884386	0.671034494301155	0.637003819345988
"TRPS1--TRPS1"	2.96703703703704	0.91163764231365	2.79	0.558421052631578	1.52887769231845	0.137064430560982	0.991487918852367	-4.53408149551877	-1.87249512065423	-0.98398420095998	1.85705688793892	-0.468428482125044	0.178758484072003	-0.5342441058061	-1.08270763648156	-0.764598788689794	1.03436159192573	0.134881401617966	-0.446489940898025	0.134881401617966	-0.611029000100664	0.771099097201504	0.968545968244671	0.123912131004457	-1.02786128341402	-1.21433888384367	0.354266813888151	1.39634752217153	-0.643936811941192	-0.479397752738553	-0.0625654694252007	2.14225792389016	-0.314858693535914	1.60476366382821	-0.194196716787312
"MX1--MX1"	2.5662962962963	1.37521508289304	2.76	-0.625328947368421	-1.14456947852139	0.261689991298977	0.991487918852367	-4.58259400951296	1.15887596313373	-0.142738615026929	0.955271448114182	0.344457903055551	0.984357807402688	-0.280898821647333	2.33687351431823	0.140853388036007	0.242655645545779	0.468074930031702	-1.86610540287092	-0.208182923426068	-0.0991090760941693	0.0899522592811211	0.279013594656412	0.562605597719347	-1.16803277994677	-0.666293082220041	-0.571762414532396	1.42065319673028	0.569877187541474	-0.855354417595332	0.17721133714664	-1.40072365425482	-1.72794519625052	0.722580573806132	-1.46616796265396
"CYBRD1--CYBRD1"	2.36555555555556	1.79568571289276	2.74	0.663552631578947	0.931137269735816	0.359423237983987	0.991487918852367	-4.60448504984601	-0.0754895773699631	-0.604535385987328	0.75427700667201	0.130559842828379	-1.5735245512444	0.364453779269741	-3.1773686868423	0.264213520794871	-0.448606095026421	-0.721482354208009	1.01044655610779	0.475831844241818	0.453556231247402	0.208524488308833	-0.610104289235932	0.915775200881521	0.331040359778117	-0.0532139643755477	0.275351327292079	0.130559842828379	-1.31735500180862	1.40583868675866	1.3223051380296	0.960326426870352	-1.31735500180862	0.208524488308833	0.687450167688764
"MYO6--MYO6"	2.75481481481481	0.824837374975634	2.74	-0.0352631578947369	-0.101713740280713	0.919679662473721	0.998904104858327	-4.64860389255207	-0.79387141596749	-0.10282610534873	0.70945522467683	-0.64838819267933	1.37625333141423	-0.0179608917639701	-0.32105094028097	-0.32105094028097	1.14590489454131	-1.31518629941673	0.72157882661751	0.16389313734623	-1.21819748389129	0.43061238004119	0.20026394316827	-0.0785789014673705	-1.02421985284041	-0.0422080956453302	1.37625333141423	-0.30892733834029	-3.33982782351029	0.23663474899031	1.10953408871927	0.57609560332935	0.91555645766839	0.61246640915139	-0.0422080956453302
"NUPR1--NUPR1"	2.81259259259259	0.845424757115037	2.72	-0.136907894736843	-0.387176616005727	0.701435160321229	0.996805427321168	-4.64124972565846	-0.464373191450286	-0.51168668642824	-0.204148969071541	0.245329233219019	0.221672485730042	0.753949304232021	-0.310604332771937	0.0324185058182271	1.72387595128007	-2.00206177823378	-0.783739282551473	-0.559000181406193	-0.109521979115633	2.11421228484819	0.257157606963507	0.292642728196972	-0.334261080260914	1.23891262775604	-0.689112292595566	1.58193546634621	-1.38698634352038	-0.0385517366487034	0.103388748285158	-1.24504585858652	1.66473408255763	-0.700940666340054	-0.890194646251869
"PECAM1--PECAM1"	2.72925925925926	0.866779742787706	2.72	-0.30625	-0.855151577564165	0.399434778852346	0.991487918852367	-4.61131525899232	0.889200223186933	0.623850228665508	0.554628490964266	-0.610604093673295	0.981495873455254	-0.552919312255594	0.912274135754013	0.300815452726382	0.0123915456378768	-0.829806263060559	-0.460623661987272	0.623850228665508	0.819978485485691	-1.16437799528323	-0.529845399688513	2.342856714913	-1.52202364007297	0.404648059278244	-0.806732350493479	-0.0106823669292037	-1.79891059087794	-0.691362787658077	1.84676759472077	-0.506771487121433	-0.426012793136652	0.819978485485691	-1.22206277670093
"H2AFV--H2AFV"	1.77222222222222	2.07999321991005	2.71	-0.612434210526316	-0.740251471813236	0.46506261343965	0.991487918852367	-4.62063374254431	-0.914532895594958	-0.823186443990555	-0.640493540781749	-1.35684202967944	-1.31357265786682	-0.727032284406973	-1.25588016211667	0.614318241783996	1.04220425193094	0.652779905617429	0.662395321575787	0.936434676388996	-1.18857225040817	1.42682089026526	1.29220506684825	1.73932190891191	0.450856170491907	0.551818038054668	0.508548666242056	-0.736647700365331	-1.28953411797093	0.691241569450862	-0.698186036531898	-1.26549557807503	0.614318241783996	1.06624279182683	-0.0395300433843615
"FCGR3A--FCGR3A"	2.80111111111111	1.53120448650309	2.7	0.202697368421053	0.327851227403694	0.745365092647954	0.997126422841199	-4.64347799022303	0.462961606459125	0.600108540034007	1.12910385525141	-0.333796769547332	-0.0986877405618199	-0.0660337087582764	0.364999511048495	0.371530317409204	0.802563537215976	-0.595029023975678	-0.268488705940245	0.306222253802117	-1.98609077880662	1.68422239591165	-0.405635639515127	-1.75098174982111	-0.856261278404025	0.769909505412433	-0.875853697486151	1.07685740436574	-0.386043220433001	0.730724667248181	1.14869627433353	-0.0725645151189852	-1.8162898134282	1.44911336692613	-1.38525659362143
"AQP1--AQP1"	2.42888888888889	1.2908355473322	2.69	-0.380328947368421	-0.730148515607776	0.471121368441486	0.991487918852367	-4.62139368432174	0.822034312042411	-0.324509880251298	0.27974989676836	-0.866794295525349	1.39530640818927	1.89885622237231	0.210027614804553	0.953731955751824	-0.0611145928324724	-1.88164084410964	0.512157503314382	0.202280694586352	0.457929061786977	-1.24639338621718	-0.556917486797319	1.33333104644366	-0.866794295525349	-0.0146330715232679	-0.587905167670122	0.264256056331958	-0.0688615130506733	0.27974989676836	1.02345423771563	0.860768913133415	-1.88164084410964	-1.88164084410964	-0.254787598287491
"FCGR2A--FCGR2A"	2.59259259259259	0.713731217414687	2.69	-0.0640789473684222	-0.210079515689466	0.835065675979955	0.998904104858327	-4.64681732179347	0.640867873293047	0.528780860636126	0.108454563172669	-0.0596759558127131	0.248563328993821	-0.0176433260663671	0.1364763163369	-3.63244948425209	0.122465439754785	-0.171762968469634	0.0103784270978633	0.570813490382471	0.290595958740167	0.780976639114199	-0.00363244948425224	1.97190114859399	0.54279173721824	-0.171762968469634	-1.39070923111366	0.500759107471895	0.626856996710932	0.388672094814973	0.206530699247476	-0.998404686814431	-0.59208926593309	0.780976639114199	-1.41873098427789
"TREM2--TREM2"	2.49037037037037	2.15705725732907	2.69	0.788157894736842	0.923908417923765	0.363111899150396	0.991487918852367	-4.6051572374945	-1.15452214442097	-1.15452214442097	-0.769738663509697	-0.843913792360062	-1.71547155635186	0.495874472499666	-1.15452214442097	0.384611779224118	0.407791506989857	-0.046531157218632	0.2084458482045	0.736943641263354	-1.15452214442097	0.0925472093758033	0.593229329115771	2.1462710894203	0.310436650373752	-0.0975265583032585	0.658132566859841	-1.15452214442097	-1.42340698650354	0.672040403519285	1.36743223649146	1.62240924191459	-0.0372592661123363	1.19126630547184	-0.18097357825992
"DARC--DARC"	2.58925925925926	1.26491387948236	2.68	-0.183684210526315	-0.357059580141632	0.72361671270814	0.997126422841199	-4.64242636887057	1.09947464669284	0.0717366946577221	-0.418415251697488	-1.53311564582789	0.522360258242351	1.16272005912577	-0.149622248857534	-0.710925284199791	-1.34337940852909	-0.592340135888046	-0.0863768364246039	1.64496632892686	-2.04698462184544	1.69240038825156	0.301001314727095	1.36826764953279	-1.14573749467619	0.775341907974072	0.206133196077699	-0.592340135888046	0.720002172095258	-1.40662482096202	0.712096495541142	-0.718830960753907	0.451209169255304	0.316812667835327	-0.299830103385744
"DNALI1--DNALI1"	2.53407407407407	2.10050957051865	2.67	0.734934210526316	0.883223222924919	0.384335015930048	0.991487918852367	-4.60885286621566	-0.473253770430867	-1.20640920167213	-1.46825042711544	-0.787463240962836	-1.42064293158029	0.921645848748936	-0.630358505696852	1.10731508133601	0.640761625091569	0.707412118840775	0.731215866608348	0.85499535499973	-0.101915305256722	-1.20640920167213	-1.33494943961703	1.36915630677932	-0.0781115574891482	-0.896960480693674	1.30250581303011	-1.27305969542133	-1.20640920167213	0.869277603660274	0.650283124198598	0.883559852320818	1.34059180945823	0.640761625091569	0.0647109291162922
"RGS1--RGS1"	2.66333333333333	1.38796475237888	2.67	-0.51453947368421	-0.926539936275696	0.361766239988538	0.991487918852367	-4.60491308156707	0.898197641208083	0.674849029891634	0.883788053381215	0.876583259467781	-0.168111857980122	1.47458115428279	2.08698863692466	0.732487381199105	0.170513455951267	0.379452479440848	-0.470713202344343	-1.91887677894454	0.004803195942289	-0.0456303614517476	0.566777121190127	-1.91887677894454	-0.629218668439887	-0.910205631063806	-0.600399492786152	-0.434689232777174	-0.0168111857980123	0.300199746393076	-0.326617324075667	-1.14075903629369	-1.91887677894454	0.674849029891634	0.775716144679708
"SLC40A1--SLC40A1"	2.80296296296296	1.54175677722329	2.66	-0.574407894736842	-0.934919582386421	0.357503143367132	0.991487918852367	-4.60413148606585	-0.300282748746375	-0.501352077306947	0.718036108802331	0.536425102360524	0.821813826769078	2.00228536864083	-0.332713285610983	-0.0927273128128805	0.0305087272726316	-1.05267120400529	0.633716712954349	0.873702685752452	0.393730740156246	0.251036377951969	-0.494865969934026	0.86721657837953	1.15909141016101	-0.326227178238062	-3.0893089191027	-0.0992134201858023	0.776411075158626	-1.46778207587228	-0.546754828917399	1.09423033643179	-0.3975743593402	-0.935921271292701	-0.520810399425712
"PSMG4--PSMG4"	2.01148148148148	2.15295271966326	2.62	-0.261447368421053	-0.303133981165895	0.763938566102544	0.997248014331532	-4.64429879246939	1.09548087005246	0.412697645611786	0.728542946713596	0.579909863842156	0.816793839668513	-1.8725360035366	1.57853838938464	-1.47772937715934	0.315157184977404	0.282643698099277	-0.650957853686953	0.199037588984092	-1.64494159538971	0.570620296162691	0.0318253707537225	0.612423350720283	-0.223637740431564	-0.214348172752099	-0.455876932418189	1.59711752474357	1.27662743980203	-1.29193802357004	0.552041160803761	-1.38018891652495	-1.30587237508923	0.561330728483226	-0.692760908244545
"FMOD--FMOD"	2.38962962962963	1.40163772747751	2.61	0.714605263157894	1.29181836782345	0.206559043260088	0.991487918852367	-4.56530519003955	0.228568598069155	0.571025133442131	-1.50511761225654	0.949154224583126	-0.277981693836706	-1.70488392455744	-0.556227628827249	0.934885202275918	-1.70488392455744	-0.798801008049774	0.485410999598887	0.528218066520509	0.0716093526898741	0.107281908457892	1.26307271534169	1.42003196072097	0.492545510752491	-1.70488392455744	-1.66921136878942	0.00026424115383732	-0.235174626915084	-0.563362139980853	1.76962300724755	0.157223486533118	0.585294155749338	0.827867534971863	0.328451754219606
"LTBP2--LTBP2"	2.55851851851852	0.736956859731567	2.61	-0.45796052631579	-1.51542386568496	0.140424411125403	0.991487918852367	-4.53595769097421	1.2503872775092	-0.785010019079327	-1.19208947839703	-0.269376037276901	-0.120113568860409	0.70761466508559	0.368381782320836	1.54891221434218	-0.920703172185229	-0.812148649700507	0.476936304805558	1.07398617847152	1.03327823253975	0.476936304805558	-0.282945352587491	1.29109522344097	0.0698568454878527	0.490505620116148	-0.907133856874639	-1.50418373054061	-1.15138153246526	-2.07409497358539	-0.852856595632278	1.23681796219861	-0.812148649700507	0.612629457911459	1.04684754785034
"MS4A4A--MS4A4A"	2.74518518518519	1.37528562172028	2.61	-0.712565789473684	-1.31300246478824	0.199415175373697	0.991487918852367	-4.56267985549215	-0.389144754175316	0.37433301612712	0.0834843417261922	0.308892064386911	-0.178279465234643	-0.0982960797743878	0.221637462066633	-0.709078296016336	0.614283172507886	0.0471282574260763	0.134382859746355	0.185281377766517	2.35937521891345	-0.3527886698752	-0.832688982636731	1.70496570151137	-0.127380947214481	-0.309161368715061	-0.120109730354457	0.337976931827004	-1.99608368024044	-1.51618336747891	2.43935860437371	-0.89812993437694	-0.861773850076824	0.5561134376277	-0.978113319837195
"PBX1--PBX1"	2.34444444444444	1.12109264467693	2.61	0.33296052631579	0.730617103486845	0.470839345985366	0.991487918852367	-4.62135865234867	-0.735393678978267	0.397429737561031	-4.46389909719423	0.4063496069826	0.682865559051248	0.254711826815923	0.486628431776724	-0.539156551703743	0.0317150912766906	-0.735393678978267	0.584746995413986	0.78098412268851	-0.32507968558608	0.825583469796356	-0.128842558311556	0.236872087972784	-0.351839293850788	0.2903913045022	0.629346342521832	-0.262640599635096	0.772064253266941	-0.093163080625279	0.201192610286507	0.0584746995413986	0.513388040041432	0.459868823512016	0.0227952218551215
"HLA-DQB2--HLADQB2"	2.58666666666667	1.12064885051199	2.59	-0.496184210526315	-1.10157225658387	0.279651837449235	0.991487918852367	-4.5873144886461	-0.746591286186051	0.520531773237287	-0.701974277051426	-1.78170589810934	-0.987523135513023	0.422374353141113	-1.34445920859002	-0.32719140032058	0.698999809775785	0.350987138525713	0.422374353141113	1.57349318881443	0.948855060929682	0.14574889650644	1.16301670477588	1.79657823448755	-0.0416425418589827	0.413450951314188	-0.032719140032058	-0.639510464262952	-2.30818660589791	-0.0237957382051329	0.00297446727564171	1.02024227554508	-0.425348820416754	1.06485928467971	-1.18383797570537
"XBP1--XBP1"	2.64074074074074	0.760657235684661	2.59	0.746776315789474	2.561152069651	0.0158621612919686	0.991487918852367	-4.36276789006641	-1.43394513267066	0.393421958301492	-0.342783488421103	-0.0535599200657972	-1.14472156431536	0.104198389946187	-0.658300108445071	1.03760172418376	0.590619845816473	-1.00010978013771	-1.27618682265868	0.459154587473153	-0.671446634279404	1.15592045669275	-0.447955695095759	-0.0667064459001296	-1.32877292599601	-0.724032737616732	-0.119292549237458	1.22165308586441	-0.382223065924098	1.39255792171073	2.79923618598426	0.183077544952179	-1.01325630597204	0.656352474988133	0.669499000822465
"SYBU--SYBU"	2.54555555555556	0.78615096090594	2.55	0.421973684210527	1.30679227734221	0.20148948070962	0.991487918852367	-4.56345297741788	-1.67341340401027	-0.261470844376605	-0.668517348054779	0.641663585659344	-0.248750641136662	-0.134268811977176	-0.159709218457062	-0.859320396653923	0.145575659301569	0.781585821298717	-1.40628913597147	0.616223179179458	0.00565342366219662	-1.58437198133067	-1.57165177809073	1.62111923513495	0.158295862541512	-0.032507186057632	1.60839903189501	1.15047171525706	-1.43172954245136	1.25223334117661	1.57023842217518	0.32365850466077	0.145575659301569	0.590782772699572	-0.579475925375179
"TGFB3--TGFB3"	2.35851851851852	0.938647569250173	2.52	-0.306973684210527	-0.795859834644745	0.43254089593803	0.991487918852367	-4.61627792672748	0.449030600290348	-0.541756602986509	0.971058266532994	0.747332123857574	1.03498002158311	0.747332123857574	-0.232801453577597	-0.147572446844104	0.331840716031795	-1.71365544557204	-0.531102977144823	0.512952355340468	1.42916417772552	-0.435220344569643	-0.41391309288627	0.960404640691307	0.172036328406495	0.427723348606975	-1.92672796240577	1.10955540247492	-0.456527596253016	-2.225029485973	0.129421825039749	-1.64973369052192	1.2054380350501	0.683410368807454	-0.637639235561689
"HBA2--HBA2"	2.31888888888889	2.19906856739451	2.51	1.44927631578947	1.72484179749199	0.0951353757224509	0.991487918852367	-4.50546103771705	-1.83208879824169	-1.43646675493688	0.0869054807770463	0.10054762020135	-1.58198290879612	0.296084951949705	-0.29507442310346	-0.949897115470043	0.0960002403932489	0.341558750030717	-0.463327476003207	1.20101353376186	0.573475120243882	-1.05448685105637	-0.990823533742954	2.40152180310059	-0.0176842548092828	-1.05448685105637	0.869054807770465	0.246063774060591	0.0277895432717299	1.08278165875122	0.869054807770465	-0.272337524062954	0.541643461587173	1.61937247610717	-0.404211538497891
"SLC39A6--SLC39A6"	2.20074074074074	1.97720067446947	2.5	1.59585526315789	2.16360403551947	0.0388200300698859	0.991487918852367	-4.43394330587468	-1.62893973400295	-1.31536508879585	-0.551659098049527	0.151355025882519	-1.25973087754943	0.34860359302892	-1.18892369959944	0.464929671089618	-1.18386604403158	1.72934356305373	0.682408860507445	1.46128781795734	-1.07259762153874	-0.506140197938819	-0.910752643367334	-0.834887809849487	0.166527992586088	-0.738792354060215	1.64336341840017	0.0603172256611026	0.520563882336039	1.07184833923239	0.980810539010975	0.515506226768182	-0.511197853506675	0.849311494246707	1.05667537252882
"C1R--C1R"	2.54074074074074	1.00137569191252	2.48	-1.03486842105263	-2.82112808197153	0.00852178039758396	0.991487918852367	-4.31423272320325	0.788174973322809	-0.260382534593739	-1.73834930765706	0.61840851966013	0.668339829560918	1.18762545252911	0.0691641107514618	0.418683280056978	-0.450121512216734	-0.739723109641304	0.0392053248109892	1.52715835985447	1.64699350361636	0.558490947779185	-0.0107259850897991	2.46586698598929	-0.180492438752478	0.398710756096663	-1.1891048987484	-1.41878892429202	-0.539997870038152	-1.3289125664706	-0.460107774196891	-0.87953077736351	-0.999365921125401	-0.13056112885169	-0.0606572949905869
"TACSTD2--TACSTD2"	2.52259259259259	0.826845686433562	2.48	-0.0072368421052631	-0.0208251251876221	0.983526915342317	0.998904104858327	-4.64912874748794	-1.5149049129051	-2.15589513477594	-0.595749123052567	-0.946479621812086	0.214559270633218	0.0210527885590004	-0.111982917867024	0.214559270633218	0.129900184725747	-0.583654967922928	1.46025724898599	2.11334162598647	0.250841736022133	-0.160359538385578	-0.0515121422188312	0.27503004628141	-0.450619261496904	0.758796251466953	1.1820916810043	-1.79307048088679	1.16999752587467	-0.535278347404374	-0.559466657663651	-0.390148485848711	-0.0515121422188312	0.408065752707435	1.70214035157876
"MFAP5--MFAP5"	2.09407407407407	1.35234058994954	2.46	-0.469407894736843	-0.865032455100209	0.394077499309669	0.991487918852367	-4.61045673061596	1.59421815920379	0.973072860273333	1.08399166365377	-1.97736730964635	0.928705338921158	-1.54848126990865	0.507213886075489	-2.37667500181593	0.285376279314611	0.211430410394318	-0.794233406921662	0.233614171070406	0.270587105530553	-0.276612324479613	0.322349213774757	1.17272670635812	0.307560039990699	1.20230505392624	-0.165693521099174	0.314954626882728	-1.54848126990865	-0.468871583672374	0.551581407427665	0.0487494987696746	0.307560039990699	-0.0991422390709109	-1.06043853503472
"C17ORF28--C17ORF28"	2.30962962962963	0.645376941028571	2.38	0.0698026315789471	0.249441710845079	0.804766802520427	0.997248014331532	-4.64586251710888	0.496408145385206	-0.293827711488121	1.33312846442755	0.65135635261527	-0.185363966427077	-1.13054803053047	1.13169579502847	-0.805156795347334	0.666851173338277	1.30213882298154	-0.371301815103154	-0.324817352934134	-3.57872970476548	1.62753005816467	0.294975475986123	-0.557239663779231	-0.479765560164199	0.294975475986123	-0.681198229563282	0.527397786831219	0.232996193094097	0.418934041770174	-0.541744843056224	-0.38679663582616	0.449923683216187	-0.200858787150083	0.109037627310045
"THBS2--THBS2"	2.41740740740741	0.900639057697762	2.38	-0.68375	-1.93458364625837	0.0627900314327602	0.991487918852367	-4.47241179499469	2.15690467339747	-1.47385059093547	-0.963102143965084	-0.419044015670547	2.11249176496526	0.202736702380353	1.14651100656475	-0.574489195183272	0.55803996983801	-0.0415342939967862	0.413698017433337	1.34636909450969	0.55803996983801	0.147220566840094	-0.885379554208721	0.113910885515939	0.280459292136715	0.946652918619822	-1.3517150927469	-0.341321425914184	-0.518973059643013	-1.7181215873126	-1.3961280011791	-0.330218198806132	-0.319114971698081	-0.0859472024289934	0.43590447164944
"RNASE6--RNASE6"	2.26888888888889	0.984808975359545	2.36	0.0193421052631577	0.0474668744331816	0.962464537904683	0.998904104858327	-4.64903238126115	0.224521827728454	1.02670785544167	1.34148971441775	-1.64386081909727	-2.30388729759549	0.488532419127742	-0.0597972707015479	-0.0496430171861905	0.590074954281314	-0.313653608585478	-0.790903523807267	0.0925165320288102	-0.110568538278334	-0.59797270701548	0.356527123428098	1.50395777066346	0.437761151550956	-0.019180256640119	-0.283190848039407	0.661154728888814	0.539303686704528	0.478378165612385	0.803314278103815	-1.07522262223727	-1.80632887534299	1.76796836206275	-1.2579991855137
"IFIT1--IFIT1"	2.61703703703704	1.65088744156873	2.31	-0.155657894736841	-0.233839815608484	0.816742261206678	0.998593348418139	-4.64626040295777	1.52824650514366	-0.579710653154904	1.14057622315771	-0.573653304998874	0.0805402958524036	-0.185983023012932	1.34652606046275	-0.379818164005903	0.589357540958953	0.752905941171772	-1.65791862492831	0.0926549921644643	-0.391932860317963	-0.234441808261174	0.777135333795894	0.244088696065223	-0.192040371168962	-0.906807453580543	-0.918922149892604	2.43079138039218	-0.276843245353387	0.110827036632555	0.565128148334831	-0.434334297410176	-2.20307995897104	0.595414889114983	-1.31870712819061
"GPR65--GPR65"	2.25666666666667	1.54436693527453	2.3	-0.0272368421052631	-0.0436118438273573	0.965510900429553	0.998904104858327	-4.64905097712232	-1.46122441184324	0.656148037223553	-1.46122441184324	-0.0625930693404047	-0.438151485382833	0.643197747015193	-0.438151485382833	0.468368829202338	0.604346876390114	-0.612980403195687	0.0280589621181122	0.461893684098159	-1.46122441184324	-0.800759611216901	0.908678696286565	2.63106729399839	0.565496005765035	-0.0237421987153259	-0.107919085069663	-1.46122441184324	-1.46122441184324	0.559020860660856	0.630247456806833	0.74032492357789	0.779175794202969	1.13530877493286	-1.02091454475901
"IFITM1--IFITM1"	2.30259259259259	1.27176011463396	2.28	-0.636052631578947	-1.26035261189173	0.217528647715448	0.991487918852367	-4.56914190963148	0.55624280024776	0.288896784212449	0.422569792230104	0.799999461927014	0.894356879351241	1.31896525776026	1.31896525776026	-0.3401526652824	0.650600217671987	1.38187020270975	-0.811939752403536	-0.119985357959203	-0.497415027656112	-0.0177648224162898	-0.348015783401085	0.501200973416961	0.100181949363995	-1.00851770537068	-2.27447972247906	1.66494245498243	-0.206479657264744	-0.450236318943998	-0.175027184790002	-0.253658365976858	-2.526099502277	0.155223776194794	-1.02424394160805
"SELENBP1--SELENBP1"	2.13888888888889	0.75685245657634	2.26	-0.0339473684210532	-0.10568530199824	0.916555266254636	0.998904104858327	-4.64856029174634	-1.68974663129721	-1.09517896346457	0.926351107166411	0.358208669015221	1.4944935453176	1.34915478206962	0.0939563722007137	-0.368485147224674	-1.09517896346457	0.16001944640434	1.62661969372486	1.42843047111398	-0.883777126012963	0.516760047103925	-0.593099599517005	0.767799729077707	-1.96721154295244	-1.54440786804923	0.767799729077707	0.371421283855946	-0.434548221428301	-0.698800518242808	0.13359421672289	-0.817714051809336	0.252507750289418	0.529972661944651	0.411059128378123
"COL12A1--COL12A1"	2.08148148148148	1.13738128274391	2.24	-0.0642763157894737	-0.137928836979965	0.891244113805208	0.998904104858327	-4.64814462135303	1.29993216958136	-1.83006482791764	-0.933267935375794	-1.0739419577353	1.3175164223763	0.781196712130681	-0.133184433206106	-1.39925063444166	0.631730563373706	-0.256274202770673	0.121787232320498	1.21201090560667	-1.83006482791764	1.19442665281173	-0.520037994694747	0.675691195361051	0.895494355297779	0.78998883852815	-0.625543511464376	-1.83006482791764	0.473472288219262	0.139371485115436	1.03616837765728	-0.0452631692314152	0.227292749090127	-0.695880522644129	0.376758897847102
"FAP--FAP"	2.2437037037037	1.10821460067065	2.24	-0.593223684210525	-1.34380086920898	0.189369888592571	0.991487918852367	-4.55880323383538	0.718539798893111	-1.09518833533615	-1.03202367394508	-2.26824633259886	0.30345773832323	-0.319165352531591	-0.553776951984133	-0.129671368358385	-0.436471152257862	0.447834107217102	1.10655129029539	1.16971595168646	1.53065687392114	0.0147050005354867	-0.111624322246651	0.862916167786983	1.18776299779819	1.65698619670328	-0.0394361377997148	-1.07714128922442	-0.201859552805321	-1.69976438007924	-1.4380822114591	-0.00334204557624688	0.150057846373492	0.21322250776456	1.04338662890432
"GRHL1--GRHL1"	2.17518518518519	0.660415780284665	2.23	0.157828947368421	0.555482952269913	0.58279869100985	0.991487918852367	-4.63296957689188	-0.00785139504533097	0.0830004619077808	-1.50690703477167	0.188994295019744	0.340414056608264	-0.825518107623336	1.03694495991545	-1.47662308245397	0.143568366543189	-0.764950202987928	0.400981961243672	1.06722891223316	0.204136271178596	-0.477252655969741	-0.0684192996807388	-0.886086012258743	0.628111603626451	-0.189555108951554	0.764389389056119	-0.204697085110406	0.219278247337448	-0.295548942063518	-2.24886386655542	2.02117341024083	2.09688329103509	-1.09807367848267	0.85524124600923
"OMD--OMD"	2.17296296296296	1.42268655614546	2.23	0.276447368421053	0.481016372502776	0.63409234823805	0.992592556340344	-4.6369872058079	0.286104507896552	-0.121574890980609	-0.332443545572244	-1.06345488148991	0.771102413457312	0.370451969733206	-0.831499361439113	0.532117938253459	-1.77337935194841	-0.803383540826895	0.595378534630949	0.37748092488626	0.447770476416805	-0.866644137204385	-0.381646231643625	1.0663185298856	1.35450569116083	0.0822648084579713	-0.803383540826895	0.0400910775396443	0.201757046059898	-0.255125038888644	3.32261313401609	0.0611779429988076	-1.52736592159151	-0.0723722049092277	-0.676862348071914
"PRELP--PRELP"	2.17962962962963	1.19183272407047	2.21	-0.615855263157894	-1.30011854103585	0.203737029136233	0.991487918852367	-4.5642805795557	1.18336268327448	-0.301745053954707	-0.662533939270273	0.184900419261638	1.87137869713207	0.612812818124286	0.142948223294712	0.755450284411835	-0.587019986529805	-1.10722721651969	0.579251061350745	0.940039946666311	-1.3841117099014	-0.435992081048871	0.0170916353939331	1.87976913632546	-0.0919840741200755	0.0254820745873182	-0.712876574430584	0.285585689582261	-0.201059783634084	-0.561848668949649	0.57086062215736	0.201681297648408	-2.92795252148429	0.637984135704442	-0.91424711507183
"PHC2--PHC2"	2.28074074074074	1.45705426203252	2.2	-1.88217105263158	-3.94895430318977	0.00045571416746115	0.991487918852367	-4.10099037515473	1.46134520500908	1.22799768401441	-0.158361117189191	-0.631919321560718	-0.0348241943096616	1.73587170029692	0.418144522915278	0.747576317260689	0.521091958648219	-0.0348241943096616	-0.0554136814562496	-0.631919321560718	0.644628881527748	1.6054716150352	1.70155588838594	-0.213266416246759	-1.10547752593225	-0.405434962948248	0.479912984355042	-0.563287697738758	-1.56530940553938	-1.49667778171742	-0.947624791141737	-1.68198316603671	0.411281360533082	-0.844677355408796	-0.583877184885346
